"","ONTOLOGY","ID","Description","setSize","enrichmentScore","NES","pvalue","p.adjust","qvalue","rank","leading_edge","core_enrichment"
"GO:0005840","CC","GO:0005840","ribosome",153,0.50234866769955,2.221303523489,1.03974442871026e-08,5.16397195391004e-06,4.37837148829927e-06,3629,"tags=61%, list=33%, signal=42%","MRPL36/MRPS22/MRPL37/LOC116945785/MRPS31/CHCHD1/MRPL28/MRPS2/MRPS21/MRPL40/MRPS10/RPS8/MRPL11/IMP3/MRPL9/MRPL43/RPL28/RPL23A/MRPL21/RPSA/MRPL33/METTL17/RPL27A/LOC116947409/LOC116951528/RPL35/MRPS18C/RPLP1/RPL29/RPL10A/RPL36/RPL4/MRPL30/MRPL55/RPS20/RPL15/MRPL12/MRPS18B/RPLP0/RPL18A/MRPL42/RPS4X/MRPL54/RPL12/RPL32/MRPL13/MRPS15/DAP3/LOC116941435/RPS11/MRPS9/RPL17/MRPS5/LOC116958118/RPS3A/HSPA14/RPL5/RPS24/MRPS16/RPL30/RPS19/MRPS30/RPS7/RPL24/MRPS18A/LOC116939580/MRPL35/MRPL18/LOC116950646/RPL8/RPS27A/LOC116944402/RPLP2/RPL35A/MRPS11/RPL21/RPL23/RPL14/MRPL38/MRPS23/RPL7/MRPS35/MRPL15/RPL13/RPS15/RPS18/RPL13A/RPS16/MRPS28/LOC103091720/RPS10/RPL27/RPS5/RPL37"
"GO:0003735","MF","GO:0003735","structural constituent of ribosome",143,0.508709335303634,2.21170056826276,1.48817635559367e-08,5.16397195391004e-06,4.37837148829927e-06,2911,"tags=52%, list=26%, signal=39%","MRPL36/MRPS22/MRPL37/LOC116945785/MRPS31/MRPL28/MRPS2/MRPS21/MRPS10/RPS8/MRPL11/IMP3/MRPL9/MRPL43/RPL28/RPL23A/MRPL21/RPSA/MRPL33/METTL17/RPL27A/LOC116947409/LOC116951528/RPL35/MRPS18C/RPLP1/RPL29/RPL10A/RPL36/RPL4/MRPL30/MRPL55/RPS20/RPL15/MRPL12/MRPS18B/RPLP0/RPL18A/RPS4X/MRPL54/RPL12/RPL32/MRPL13/MRPS15/DAP3/LOC116941435/RPS11/MRPS25/MRPS9/RPL17/MRPS5/LOC116958118/RPS3A/RPL5/RPS24/MRPS16/RPL30/RPS19/MRPS30/RPS7/RPL24/MRPS18A/SRBD1/LOC116939580/MRPL35/MRPL18/LOC116950646/RPL8/RPS27A/LOC116944402/RPLP2/RPL35A/MRPS11/RPL21/RPL23"
"GO:0044391","CC","GO:0044391","ribosomal subunit",124,0.514272732116081,2.18524599371653,4.20248175022156e-08,9.72174111551254e-06,8.24276245043456e-06,3629,"tags=63%, list=33%, signal=43%","MRPL36/MRPS22/LOC116945785/MRPS31/MRPL28/MRPS2/MRPL40/MRPS10/RPS8/MRPL11/IMP3/MRPL43/RPL28/RPL23A/MRPL21/RPSA/METTL17/RPL27A/LOC116947409/RPL35/MRPS18C/RPLP1/RPL29/RPL10A/RPL36/RPL4/MRPL30/MRPL55/RPS20/RPL15/MRPL12/RPLP0/RPL18A/MRPL42/RPS4X/MRPL54/RPL12/RPL32/MRPL13/DAP3/LOC116941435/RPS11/MRPS9/RPL17/LOC116958118/RPL5/MRPS16/RPL30/RPS19/MRPS30/RPS7/RPL24/MRPS18A/LOC116939580/LOC116950646/RPL8/LOC116944402/RPLP2/RPL35A/MRPS11/RPL21/RPL23/RPL14/MRPL38/RPL7/MRPS35/MRPL15/RPL13/RPS15/RPS18/RPL13A/RPS16/MRPS28/LOC103091720/RPS10/RPL27/RPS5/RPL37"
"GO:0022626","CC","GO:0022626","cytosolic ribosome",72,0.55458831848965,2.1356215564544,8.81940399806236e-06,0.00122413327493106,0.0010379045968246,3629,"tags=64%, list=33%, signal=43%","LOC116945785/RPS8/RPL28/RPL23A/RPSA/RPL27A/LOC116947409/RPL35/RPLP1/RPL29/RPL36/RPL4/RPS20/RPL15/RPLP0/RPL18A/RPS4X/RPL12/RPL32/LOC116941435/RPS11/RPL17/LOC116958118/RPL5/RPL30/RPS19/RPS7/RPL24/LOC116939580/LOC116950646/RPL8/RPLP2/RPL35A/RPL21/RPL23/RPL14/RPL7/RPL13/RPS15/RPL13A/RPS16/LOC103091720/RPS10/RPL27/RPS5/RPL37"
"GO:0005198","MF","GO:0005198","structural molecule activity",292,0.356109216495373,1.69975624044823,7.44595615031865e-06,0.00122413327493106,0.0010379045968246,2382,"tags=35%, list=21%, signal=28%","LOC116939950/LOC116947679/LOC116946906/LOC116947680/MRPL36/LOC116954703/MRPS22/MRPL37/LOC116945785/LOC116949299/MRPS31/MRPL28/LOC116946472/LOC116943764/MRPS2/MRPS21/LOC116942282/LOC116940820/LOC116937310/MRPS10/RPS8/MRPL11/IMP3/MRPL9/LOC116947507/MRPL43/RPL28/LOC116947677/RPL23A/LOC116947676/MRPL21/RPSA/MRPL33/LOC116938693/PHF10/LOC116944066/METTL17/RPL27A/LOC116939371/LOC116941632/LOC116947409/LOC116953154/LOC116951528/RPL35/MRPS18C/RPLP1/RPL29/RPL10A/LOC116939144/RPL36/RPL4/LOC116950224/MRPL30/COPE/MRPL55/RPS20/LOC116947506/RPL15/MRPL12/MRPS18B/LOC116945746/RPLP0/RPL18A/LOC116948606/LOC116957093/RPS4X/MRPL54/RPL12/RPL32/MRPL13/NUP155/MRPS15/NUP62/DAP3/LOC116945884/LOC116941435/RPS11/LOC116947682/MRPS25/MRPS9/RPL17/LOC116954710/MRPS5/LOC116958118/RPS3A/RPL5/LOC116940419/RPS24/MRPS16/RPL30/RPS19/COPB1/LOC116940866/CRYBA2/MRPS30/PSMD11/PSMD13/RPS7/RPL24/LOC116941127/MRPS18A"
"GO:0015934","CC","GO:0015934","large ribosomal subunit",75,0.508199360161082,1.96687215515046,3.08013382522047e-05,0.00334028440437543,0.00283212343704818,3305,"tags=61%, list=30%, signal=43%","MRPL36/LOC116945785/MRPL28/MRPL40/MRPL11/MRPL43/RPL28/RPL23A/MRPL21/RPL27A/LOC116947409/RPL35/RPLP1/RPL29/RPL10A/RPL36/RPL4/MRPL30/MRPL55/RPL15/MRPL12/RPLP0/RPL18A/MRPL42/MRPL54/RPL12/RPL32/MRPL13/LOC116941435/RPL17/LOC116958118/RPL5/RPL30/MRPS30/RPL24/RPL8/LOC116944402/RPLP2/RPL35A/RPL21/RPL23/RPL14/MRPL38/RPL7/MRPL15/RPL13"
"GO:0006412","BP","GO:0006412","translation",273,0.347437741825648,1.63508961629212,3.36916294389453e-05,0.00334028440437543,0.00283212343704818,2801,"tags=39%, list=25%, signal=30%","WARS2/MRPL36/MRPL37/LOC116945785/CHCHD1/MRPS2/MRPS21/RARS1/EIF3M/MRPS10/RPS8/MRPL11/MRPL9/MRPL43/RPL28/RPL23A/RPSA/MRPL33/METTL17/RPL27A/EIF3E/LOC116953623/LOC116947409/LOC116951528/RPL35/RACK1/MRPS18C/RPLP1/RPL29/RPL10A/EIF3I/RPL36/RPL4/EIF3K/LOC116957427/MRPL30/MRPL55/RPS20/EIF5A/LOC116952939/RPL15/LOC116946621/MRPL12/MRPS18B/EIF5/EIF2B2/POLR2G/EIF2B3/FARSB/CNOT10/LOC116938098/RPLP0/RPL18A/RWDD1/RPS4X/RPL12/RPL32/ZAR1L/LTN1/MRPL13/EEF1G/EIF3L/MRPS15/LOC116949273/LOC116941435/RPS11/MRPS9/LOC116941566/RPL17/MCTS1/HARS1/MRPS5/LOC116940993/LOC116958118/RPS3A/RPL5/RPS24/MRPS16/RPS19/EIF2AK4/GUF1/MTIF3/FARS2/EEF2/QARS1/CARS2/MRPS30/DENR/CNOT11/RPS7/RPL24/MRPS18A/SRBD1/LOC116939580/LOC116952511/MRPL35/SARS1/MRPL18/LOC116950646/RPL8/RPS27A/FTSJ1/MARS1/LOC116944402/RPLP2/RPL35A/MRPS11"
"GO:1990904","CC","GO:1990904","ribonucleoprotein complex",376,0.314886527062608,1.54492605619126,9.69435385490022e-05,0.00829374666076502,0.00703201028874207,3609,"tags=47%, list=32%, signal=33%","ESRP1/MRPL36/MRPS22/LSM8/LOC116945785/MRPS31/MRPL28/MRPS2/MRPL40/MRPS10/RPS8/MRPL11/IMP3/NOC4L/MRPL43/RPL28/RRP36/RPL23A/MRPL21/LOC116953552/RPSA/PPIL1/METTL17/RPL27A/SNRPE/RPP30/LOC116947409/BCAS2/CELF2/RPL35/MRPS18C/RPLP1/SNRPC/RPL29/RPL10A/DKC1/RPL36/RPL4/NAF1/LOC116942824/MRPL30/BOP1/LOC116947213/MRPL55/RPS20/RPL15/MRPL12/UTP18/SF3B5/LOC116951627/LSM6/RPLP0/RPL18A/MRPL42/WDR46/RPS4X/MRPL54/RPL12/RPL32/WBP11/SF3B4/RRP15/LUC7L3/MRPL13/YJU2/KRR1/WDR12/DAP3/LOC116941435/RPS11/SRP19/NSA2/PABPC1/MRPS9/FTSJ3/RPL17/BUD31/LOC116940993/LOC116958118/RIOK1/LOC116946109/ZNF622/RPL5/UTP11/RRP9/MRPS16/RNPC3/RPL30/RPS19/LOC116937608/RBMX2/KRI1/NOP14/EEF2/POP4/NOP58/MRPS30/SNRPD1/LOC116953985/RPS7/NOP56/RPL24/MRPS18A/CWF19L1/IMP4/NGDN/LOC116940948/LOC116939580/NOP9/PLRG1/SF3A1/RBM25/DDX52/EBNA1BP2/DHX16/CTNNBL1/DAW1/SNRPD3/LOC116950646/RPL8/NHP2/ZNF830/LOC116944402/CWC25/RPLP2/RPL35A/MRPS11/XAB2/UTP20/RPL21/DDX23/PPIL2/RBM17/PIH1D1/RPL23/LSM10/SNRPB/LOC116952608/CDC40/PRPF8/SND1/EIF2S1/PRPF18/UTP4/RPL14/MRPL38/LOC116948122/CMSS1/SNW1/RPL7/LOC116945796/MRPS35/RIOK2/SF3B6/RRS1/CRNKL1/RIOK3/LOC116943843/MRPL15/PUF60/RPL13/RPS15/CACTIN/RPS18/EIF3H/EFTUD2/NOL6/RPL13A/RPP40/RPS16/MRPS28/LOC103091720/NOL10/SRP14/RPS10/LOC116949584/RPL27/RPS5"
"GO:0016491","MF","GO:0016491","oxidoreductase activity",349,0.312706969491887,1.52090987328296,0.00010755579243067,0.00829374666076502,0.00703201028874207,3283,"tags=43%, list=29%, signal=31%","PIR/LOC116948508/PTGR1/LOC116946915/TM7SF2/LOC116940380/MSMO1/LOC116945020/LOC116950534/LOC116958607/GFER/LOC116938187/SC5D/DHRS7B/LOC116956125/LOC103091705/LOC116946580/SQOR/LOC116947632/ALKBH1/LOC116936860/ALKBH3/LOC116949609/LOC103091776/HPDL/DHRS3/CHCHD4/LOC116957120/LOC116955591/MTHFR/LOC116949438/LOC116939843/LOC116939457/LOC116947635/LOC116950745/LOC116955739/SELENOF/ALDH18A1/DCXR/IDH2/LOC116954591/LOC116948963/LOC116937885/QDPR/DHCR24/NSDHL/CRYZ/MSRB1/LOC116945506/MDH1/IDH3G/LOC116950548/DPYD/G6PD/ME2/LOC116940182/IDH1/ADI1/LOC116944502/PHGDH/TXNDC17/LOC116950898/CRYL1/ASPDH/PYCR3/LOC116940157/GSTK1/DECR2/LOC116947200/LOC103091799/CAT/LOC116940716/LOC116956128/CDO1/LOC116950746/LOC116941131/LOC116939115/PRDX5/RETSAT/LOC116940531/PDHA1/LOC116941196/ACADM/LOC116945965/LOC116941749/HSD3B7/LOC116947934/LOC116943268/LOC116949437/ETHE1/LOC116951847/LOC116945851/LOC116947945/ALDH5A1/SOD1/RTN4IP1/ALOX5/PIPOX/LOC116939264/ETFDH/LOC116942626/ALDH4A1/LOC116946703/SDHC/NDUFS8/COQ6/LOC116945021/PXDN/GSR/MMACHC/ALDH6A1/PHYH/BDH2/LOC116954233/PECR/LOC116947670/LOC116938181/LOC116944999/LOC116954932/MSRA/ACADVL/TMLHE/LOC116948607/LOC116948809/BLVRA/DOHH/NXN/RIOX2/FAXDC2/LOC116940083/LOC116939949/SARDH/LOC116947152/NOX5/LOC103091789/RIOX1/NDUFS2/FDXR/ADH5/MECR/AIFM1/NDOR1/GPD1L/GPD2/LOC116958616/VAT1/HIF1AN/ALDH9A1/FXN"
"GO:0006082","BP","GO:0006082","organic acid metabolic process",258,0.339671389146026,1.59263752654579,0.000133718191995625,0.0092800425244964,0.00786825992900574,2379,"tags=34%, list=21%, signal=27%","PSAT1/GLUL/LOC116940299/PTGR1/LOC116940380/LOC116953525/LOC116948549/LOC116950104/AGXT/LOC116949701/LOC116940685/LOC116938187/LOC116956125/LOC116939020/LOC116949609/LOC103091776/HPDL/LOC116954988/LOC116955591/MTHFR/LOC116939843/GOT2/RGN/ALDH18A1/IDH2/UROC1/LOC116957842/QDPR/UPB1/FH/MLYCD/NAAA/MDH1/HYI/IDH3G/NIT2/ABAT/ME2/ASL/LOC116940182/LOC116946993/IDH1/LOC116955634/ADI1/ACSM3/PHGDH/CRYL1/SHMT1/PYCR3/TIGAR/LOC116955550/LOC116937787/DECR2/PSPH/LOC103091799/LOC116939967/ASS1/LOC116956315/LOC116941058/MTAP/NDUFAB1/CDO1/LOC116939084/LOC116950746/LOC116951662/LOC116940531/PDHA1/PC/TPI1/ACADM/LOC116954878/LOC116947934/SEPHS1/GOT1/LOC116955742/LIAS/FAH/ALDH5A1/SLC7A7/MCCC2/ALOX5/SDHAF3/PIPOX/LOC116949288/ALDH4A1/CS/LOC116943692"
"GO:0051726","BP","GO:0051726","regulation of cell cycle",157,0.381962502844732,1.68600257150852,0.000248422694739571,0.0156732136499329,0.0132888312305665,2119,"tags=23%, list=19%, signal=19%","INSM1/LOC116948899/LOC116948823/LOC116944959/LOC116943922/LOC116950778/LOC116947619/LOC116945655/LOC116940893/RMI2/BORA/LOC116948425/CCNB2/LOC116942917/MAD1L1/LOC116950422/LOC116947213/LOC116941398/BUB3/RANBP1/LOC116954042/INTS13/CDK5RAP1/LOC116946568/LOC116957595/SPICE1/LOC116941237/PLK1/LOC116957996/MNAT1/LOC116944117/LOC116954153/TSC2/CDK5RAP3/LOC116947166/EIF2AK4"
"GO:0019752","BP","GO:0019752","carboxylic acid metabolic process",253,0.329254460830812,1.54297331651313,0.000275266370158587,0.0159195717408383,0.0134977106068991,2379,"tags=33%, list=21%, signal=26%","PSAT1/GLUL/LOC116940299/PTGR1/LOC116940380/LOC116953525/LOC116948549/LOC116950104/AGXT/LOC116949701/LOC116940685/LOC116938187/LOC116956125/LOC116939020/LOC103091776/HPDL/LOC116954988/MTHFR/LOC116939843/GOT2/RGN/ALDH18A1/IDH2/UROC1/LOC116957842/QDPR/UPB1/FH/MLYCD/NAAA/MDH1/HYI/IDH3G/NIT2/ABAT/ME2/ASL/LOC116940182/LOC116946993/IDH1/LOC116955634/ADI1/ACSM3/PHGDH/CRYL1/SHMT1/PYCR3/TIGAR/LOC116955550/LOC116937787/DECR2/PSPH/LOC103091799/LOC116939967/ASS1/LOC116956315/LOC116941058/MTAP/NDUFAB1/CDO1/LOC116939084/LOC116951662/LOC116940531/PDHA1/PC/TPI1/ACADM/LOC116954878/SEPHS1/GOT1/LOC116955742/LIAS/FAH/ALDH5A1/SLC7A7/MCCC2/ALOX5/SDHAF3/PIPOX/LOC116949288/ALDH4A1/CS/LOC116943692"
"GO:0005576","CC","GO:0005576","extracellular region",284,-0.354726408594967,-1.54205281926132,0.000448821637351112,0.0239601704862824,0.0203150846379977,1305,"tags=22%, list=12%, signal=20%","LOC116942419/LOC116942375/LOC116951378/LOC116940506/LOC116947004/CCN2/LOC116938908/LOC116945482/LOC116954916/CTSO/LOC116943709/LOC116946024/LOC116938911/LOC116937982/LOC116952342/LOC116947617/LOC116938756/LOC116940102/LOC116940525/LOC116955551/LOC116952820/LOC116948173/LOC116939107/LOC116952487/LOC116944591/CTSF/LOC116946636/LOC116939926/LOC103091741/ESM1/LOC116953385/LOC116937723/LOC116954807/GLIPR2/LOC116953636/LOC116946910/LOC116943205/LOC116956435/LOC116947511/CCK/FGF10/LOC116940283/LOC116945483/LOC116954900/LOC116941770/LOC116955503/LOC116938910/LOC116947621/LOC116938915/LOC116939927/LOC116940527/LOC116942551/VASN/LOC116946810/LOC116955553/ADA2/LOC116951084/LOC116941532/LOC116938913/LOC116940101/LOC116938463/LOC116954510/LOC116943187"
"GO:0043436","BP","GO:0043436","oxoacid metabolic process",255,0.331782994849836,1.56040197940511,0.000494954372358694,0.0245355953154953,0.0208029694848504,2379,"tags=33%, list=21%, signal=27%","PSAT1/GLUL/LOC116940299/PTGR1/LOC116940380/LOC116953525/LOC116948549/LOC116950104/AGXT/LOC116949701/LOC116940685/LOC116938187/LOC116956125/LOC116939020/LOC103091776/HPDL/LOC116954988/LOC116955591/MTHFR/LOC116939843/GOT2/RGN/ALDH18A1/IDH2/UROC1/LOC116957842/QDPR/UPB1/FH/MLYCD/NAAA/MDH1/HYI/IDH3G/NIT2/ABAT/ME2/ASL/LOC116940182/LOC116946993/IDH1/LOC116955634/ADI1/ACSM3/PHGDH/CRYL1/SHMT1/PYCR3/TIGAR/LOC116955550/LOC116937787/DECR2/PSPH/LOC103091799/LOC116939967/ASS1/LOC116956315/LOC116941058/MTAP/NDUFAB1/CDO1/LOC116939084/LOC116951662/LOC116940531/PDHA1/PC/TPI1/ACADM/LOC116954878/SEPHS1/GOT1/LOC116955742/LIAS/FAH/ALDH5A1/SLC7A7/MCCC2/ALOX5/SDHAF3/PIPOX/LOC116949288/ALDH4A1/CS/LOC116943692"
"GO:0005759","CC","GO:0005759","mitochondrial matrix",86,0.45531088864046,1.80630421824671,0.0006398816727416,0.0285667424835882,0.0242208540092914,2382,"tags=37%, list=21%, signal=29%","WARS2/MRPL36/MRPS22/MRPS31/CHCHD1/MRPL28/MRPS2/MRPL40/MRPS10/MRPL11/MRPL43/POLDIP2/MRPL21/METTL17/MLYCD/MRPS18C/ACSM3/MRPL55/MRPL12/TEFM/MRPL42/MRPL54/MRPL13/DAP3/TBRG4/MRPS9/LOC116955595/FASTK/MRPS16/MRPS30/CS/MRPS18A"
"GO:0098798","CC","GO:0098798","mitochondrial protein-containing complex",81,0.445791337623541,1.75728229802076,0.000663156428710758,0.0285667424835882,0.0242208540092914,2413,"tags=43%, list=22%, signal=34%","MRPL36/MRPS22/MRPS31/MRPL28/MRPS2/MRPL40/PAM16/MRPS10/MRPL11/MRPL43/MRPL21/LOC116937038/ROMO1/METTL17/MRPS18C/MRPL55/MRPL12/MRPL42/MRPL54/MTX2/MRPL13/MICU3/TOMM6/DAP3/MRPS9/SMDT1/LOC116954989/MICOS10/MRPS16/LOC116939672/TIMM21/POLRMT/MRPS30/MRPS18A/IMMP2L"
"GO:0010648","BP","GO:0010648","negative regulation of cell communication",94,0.434159750028508,1.75447423369641,0.000740924156634852,0.0285667424835882,0.0242208540092914,475,"tags=11%, list=4%, signal=10%","LOC116956950/DUSP10/DACT1/LOC116945244/DUSP1/LOC116950694/NME5/LOC116941981/LOC116941982/TMBIM6"
"GO:0023057","BP","GO:0023057","negative regulation of signaling",94,0.434159750028508,1.75447423369641,0.000740924156634852,0.0285667424835882,0.0242208540092914,475,"tags=11%, list=4%, signal=10%","LOC116956950/DUSP10/DACT1/LOC116945244/DUSP1/LOC116950694/NME5/LOC116941981/LOC116941982/TMBIM6"
"GO:0051082","MF","GO:0051082","unfolded protein binding",52,0.51589468984002,1.86736614672101,0.000845801382533185,0.0287139857423734,0.0243456969967947,2271,"tags=37%, list=20%, signal=29%","LOC116947664/LOC116937253/HSP90B1/LOC116943427/HSPA5/LOC116952025/HSPA8/LOC116957459/LOC116942031/NUDC/CCT8/LOC116955070/LOC116948557/LOC116949549/LOC116939777/DNAJA3/HSPA14/CCT3/PDRG1"
"GO:0006575","BP","GO:0006575","cellular modified amino acid metabolic process",63,0.487769377019706,1.85525159069174,0.00102459694866152,0.0287139857423734,0.0243456969967947,1579,"tags=37%, list=14%, signal=32%","LOC116943350/LOC116953902/LOC116953525/LOC116941688/LOC116943698/LOC116950142/LOC116943255/LOC116953545/GCLC/MTHFR/LOC116939438/LOC116941273/HPGDS/LOC116944502/GCLM/LOC116947235/SHMT1/GSTK1/LOC116937787/ASS1/LOC116956315/LOC116946664/LOC116944801"
"GO:0016053","BP","GO:0016053","organic acid biosynthetic process",73,0.462683523190631,1.78192400211335,0.000913541588831828,0.0287139857423734,0.0243456969967947,1555,"tags=34%, list=14%, signal=30%","PSAT1/GLUL/LOC116940299/LOC116953525/LOC116948549/AGXT/LOC116956125/MTHFR/RGN/ALDH18A1/UPB1/MLYCD/ASL/LOC116940182/LOC116955634/ADI1/ACSM3/PHGDH/SHMT1/PYCR3/PSPH/ASS1/LOC116956315/MTAP/NDUFAB1"
"GO:0046394","BP","GO:0046394","carboxylic acid biosynthetic process",73,0.462683523190631,1.78192400211335,0.000913541588831828,0.0287139857423734,0.0243456969967947,1555,"tags=34%, list=14%, signal=30%","PSAT1/GLUL/LOC116940299/LOC116953525/LOC116948549/AGXT/LOC116956125/MTHFR/RGN/ALDH18A1/UPB1/MLYCD/ASL/LOC116940182/LOC116955634/ADI1/ACSM3/PHGDH/SHMT1/PYCR3/PSPH/ASS1/LOC116956315/MTAP/NDUFAB1"
"GO:0009968","BP","GO:0009968","negative regulation of signal transduction",92,0.440865872765015,1.77255924843895,0.00103436548063305,0.0287139857423734,0.0243456969967947,475,"tags=11%, list=4%, signal=10%","LOC116956950/DUSP10/DACT1/LOC116945244/DUSP1/LOC116950694/NME5/LOC116941981/LOC116941982/TMBIM6"
"GO:0022613","BP","GO:0022613","ribonucleoprotein complex biogenesis",217,0.335842405389959,1.54041527799597,0.000941385131779355,0.0287139857423734,0.0243456969967947,3648,"tags=50%, list=33%, signal=34%","ERI3/MRPL36/MTERF3/RPS8/IMP3/NOC4L/RRP36/RPL23A/RPSA/SNRPE/CELF2/LOC116951528/RPL35/SNRPC/DKC1/NAF1/NSUN5/LOC116942824/BOP1/LOC116947213/DROSHA/LOC116952939/UTP18/EXOSC10/LOC116951627/EIF5/LSM6/RPLP0/NOL9/WDR46/LOC116948772/RRP15/LUC7L3/EXOSC3/TSR3/WDR12/STRAP/NOP53/LOC116941435/NOL11/NSA2/FTSJ3/MCTS1/EXOSC2/LOC116958118/RIOK1/LOC116946109/ZNF622/RPL5/UTP11/RPS19/WDR18/KRI1/NOP14/POP4/DENR/GEMIN8/SNRPD1/RPS7/SFSWAP/NIFK/EXOSC8/IMP4/NGDN/NOP9/LOC116939016/DDX10/TRMT112/DDX52/EBNA1BP2/GTPBP4/SNRPD3/LOC116950646/NHP2/RAN/RPL35A/MRPS11/XAB2/BRIX1/PIH1D1/ABCE1/PRPF8/PRPF18/UTP4/RPL14/XPO1/RPL7/EIF2D/ABT1/RIOK2/RRS1/CRNKL1/RIOK3/EIF2S2/PUF60/MRM1/RPS15/RBFA/NOL6/RPP40/RPS16/TRAF7/LOC103091720/NOL10/URB2/RPS5/TFB1M/LOC116939027/SNRPF"
"GO:0016773","MF","GO:0016773","phosphotransferase activity, alcohol group as acceptor",456,-0.319035431760813,-1.44555363416939,0.000979390267748472,0.0287139857423734,0.0243456969967947,3086,"tags=36%, list=28%, signal=27%","NLK/PIP4K2B/LOC116943251/DSTYK/ALPK1/LOC116940847/PRKCI/LOC116950468/LOC116950613/LOC116943200/LOC116945527/LOC116943612/LOC116939696/LOC116950736/LOC116958402/CIT/LOC116953403/STK25/CDC7/LOC116946671/LOC116951928/GK5/MAP3K13/MAP2K7/EEF2K/LOC116955477/LOC116947300/LOC116952667/ULK4/LOC116939065/LOC116940761/LOC116940431/LOC116949450/LOC116943161/TRPT1/LOC116939503/LOC116952393/LOC116943805/SCYL2/LOC116947503/LOC116955065/LOC116951021/MTOR/LOC116944602/LOC116952677/TRIO/LOC116945247/LOC116955846/LOC116941984/LOC116950464/CLP1/LOC116945942/LOC116937541/LOC116949302/LOC116944865/LOC116944480/LOC116939330/LOC116950918/STK16/LOC116944051/ACVR2A/LOC116938784/IPMK/LOC116940824/NRBP1/LOC116958604/PTK7/LOC116948332/LOC116942121/DGKQ/LOC116940203/LOC116936878/LOC116947711/LOC116951916/LOC116944619/STK40/MELK/LOC116938537/LOC116950096/LOC116948356/PI4K2B/LOC116953865/ABR/LOC116939774/LOC116938983/LOC116956246/MST1R/LOC116952159/LOC116958569/PIK3CD/LOC116941687/DCAKD/TEX14/HASPIN/LOC116952377/LOC116953035/LOC116951466/LOC116948914/STK36/LOC116951511/CDK10/LOC116945997/LOC116956558/LOC116945943/LOC116942411/LOC116950470/LOC116945445/LOC116938820/MAP2K5/LOC116956818/LOC116943327/LOC116953551/LOC116955055/LOC116948149/LOC116947747/LOC116938077/XYLB/RIPK1/LOC116945630/LOC116937878/CDK7/TNK2/LOC116951930/LOC116944212/LOC116947402/LOC116956494/LOC116955054/LOC116944809/LOC116956483/LOC116944414/LOC116952624/LOC116957361/LOC116947530/PKDCC/LOC116957363/LOC116952728/LOC116957791/IPPK/LOC116938389/LOC116948704/PNKP/LOC116945169/LOC116958610/LOC116951165/LOC116952594/RPS6KA5/LOC116958563/DAPK3/LOC116951605/ADK/IDNK/LOC116956326/LOC116951139/CDK5/DOLK/LOC116952252/LOC116938837/LOC116952362/SPHK2/LOC116938985/LOC116956743/LOC116953599/LOC116949410/LOC116940097"
"GO:0005802","CC","GO:0005802","trans-Golgi network",50,-0.52021220358246,-1.77712592201336,0.00114408482769743,0.0294072174230377,0.0249334666153164,2820,"tags=40%, list=25%, signal=30%","PHETA1/RAB30/ARL5C/LOC116948102/BEGAIN/PICK1/CCDC91/PI4K2B/LOC116946001/ATP9B/LOC116944258/LOC116947425/CNST/YIPF4/PLEKHJ1/LOC116955056/LOC116954715/FAM91A1/RAB43/LOC116954999"
"GO:0004672","MF","GO:0004672","protein kinase activity",383,-0.327997034933317,-1.4623710058012,0.00113697754573486,0.0294072174230377,0.0249334666153164,3086,"tags=37%, list=28%, signal=27%","NLK/LOC116943251/DSTYK/ALPK1/LOC116940847/PRKCI/LOC116950468/LOC116950613/LOC116943200/LOC116943612/LOC116939696/LOC116958402/CIT/LOC116953403/STK25/CDC7/LOC116946671/LOC116951928/MAP3K13/MAP2K7/EEF2K/LOC116955477/LOC116947300/LOC116952667/ULK4/LOC116939065/LOC116940431/LOC116949450/LOC116939503/LOC116952393/LOC116943805/SCYL2/LOC116947503/LOC116955065/LOC116951021/MTOR/LOC116944602/LOC116952677/TRIO/LOC116945247/LOC116955846/LOC116941984/LOC116950464/LOC116945942/LOC116937541/LOC116949302/LOC116944865/LOC116944480/LOC116939330/LOC116950918/STK16/LOC116944051/ACVR2A/LOC116938784/LOC116940824/NRBP1/LOC116958604/PTK7/LOC116948332/LOC116942121/LOC116940203/LOC116936878/LOC116947711/LOC116951916/LOC116944619/STK40/MELK/LOC116938537/LOC116950096/LOC116948356/LOC116953865/ABR/LOC116939774/LOC116938983/LOC116956246/MST1R/LOC116952159/LOC116958569/LOC116941687/TEX14/HASPIN/LOC116952377/LOC116951466/LOC116948914/STK36/LOC116951511/CDK10/LOC116945997/LOC116956558/LOC116945943/LOC116942411/LOC116950470/LOC116945445/LOC116938820/MAP2K5/LOC116956818/LOC116943327/LOC116953551/LOC116955055/LOC116948149/LOC116947747/LOC116938077/RIPK1/LOC116945630/LOC116937878/CDK7/TNK2/LOC116951930/LOC116944212/LOC116947402/LOC116956494/LOC116955054/LOC116944809/LOC116956483/LOC116952624/LOC116957361/LOC116947530/PKDCC/LOC116957363/LOC116952728/LOC116957791/LOC116938389/LOC116945169/LOC116958610/LOC116951165/RPS6KA5/LOC116958563/DAPK3/LOC116951605/LOC116956326/LOC116951139/CDK5/LOC116952252/LOC116938837/LOC116952362/LOC116938985/LOC116956743/LOC116953599/LOC116949410/LOC116940097"
"GO:0048731","BP","GO:0048731","system development",337,-0.335287482198224,-1.47690302197051,0.00123908439090887,0.029652571285888,0.0251414945378605,1913,"tags=26%, list=17%, signal=22%","LOC116949553/LOC116949750/LOC116942121/LOC116945595/PDLIM5/LOC116958628/LOC116939414/LOC116952561/RECK/HSPG2/LOC116943722/LOC116958309/LOC116952604/LOC116940477/LOC116946552/LOC116941780/PLXNA1/KDM6A/LOC116939774/LOC116949369/LOC116955926/MST1R/LOC116957700/LOC116946537/LOC116953184/LOC116938831/ANKRD27/ZFYVE27/LIG4/LOC116942375/LDB3/PCLO/CAMSAP1/LOC116943314/LOC116950470/LOC116954916/LOC116958741/LOC116956818/PRDM12/LOC116941103/LOC116942318/LOC116952125/LOC116956427/LOC116937987/LOC116944888/LOC116947535/LOC116956244/LOC116947617/NRCAM/LOC116953868/LOC116941376/B3GNT5/LOC116944887/LOC116939107/LOC116951889/LOC116938864/TBXT/LOC116953203/LOC116948594/LOC116944158/LOC116957233/LOC116954807/LOC116955061/JAM3/PKD1/LOC116950762/LOC116955749/LOC116955768/LOC116953636/LOC116954567/LOC116947489/LOC116953664/LOC116957224/FGF10/CRTAC1/LOC116954900/RP1L1/CDK5/LOC116949380/LOC116946850/LOC116957825/LOC116948498/VASH1/LOC116956760/LOC116958759/LOC116955425"
"GO:0007275","BP","GO:0007275","multicellular organism development",406,-0.318420796700628,-1.42576768606148,0.0012228020730257,0.029652571285888,0.0251414945378605,1913,"tags=24%, list=17%, signal=21%","LOC116949553/LOC116949750/LOC116942121/LOC116945595/PDLIM5/LOC116958628/LOC116939414/LOC116952561/RECK/HSPG2/LOC116943722/LOC116958309/LOC116938537/LOC116952604/LOC116940477/LOC116946552/LOC116941780/PLXNA1/KDM6A/LOC116939774/LOC116949369/LOC116955926/MST1R/LOC116957700/LOC116946537/LOC116953184/LOC116938831/ANKRD27/ZFYVE27/LIG4/LOC116942375/LDB3/PCLO/CAMSAP1/LOC116943314/LOC116950470/LOC116954916/LOC116958741/LOC116956818/PRDM12/LOC116955055/LOC116941103/LOC116942318/LOC116952125/LOC116956427/LOC116937987/LOC116944888/LOC116947535/LOC116956244/LOC116947617/NRCAM/LOC103091793/LOC116944809/LOC116944328/LOC116953868/LOC116941376/B3GNT5/LOC116944887/CHURC1/LOC116939107/LOC116951889/LOC116938864/TBXT/LOC116945169/LOC116953203/GREB1L/LOC116948594/LOC116944158/LOC116957233/LOC116955417/LOC116954807/LOC116955061/JAM3/PKD1/LOC116950762/LOC116955749/LOC116955768/LOC116953636/LOC116954567/LOC116947489/LOC116953664/LOC116957224/FGF10/CRTAC1/LOC116954900/RP1L1/CDK5/LOC116949380/LOC116946850/LOC116957825/LOC116948498/LOC116938985/VASH1/LOC116956760/LOC116958759/LOC116953599/LOC116955425"
"GO:0009060","BP","GO:0009060","aerobic respiration",66,0.4640028617424,1.77538622682621,0.00149609406480464,0.0346096426991474,0.0293444414816069,3269,"tags=53%, list=29%, signal=38%","LOC116957291/LOC116936852/LOC116955218/LOC116958607/NDUFB6/LOC116958542/LOC116942111/ANTKMT/LOC116938494/LOC116957725/FH/MDH1/IDH3G/LOC116940244/SDHD/LOC116950842/NDUFA8/ATP5F1B/ACO2/LOC116954748/CS/NDUFB9/SDHC/NDUFAF1/NDUFS8/LOC116941011/NDUFA10/LOC116944203/LOC116954233/ATPSCKMT/LOC116946603/SUCLG2/NDUFS2/LOC116945178/ACO1"
"GO:0007417","BP","GO:0007417","central nervous system development",67,-0.481054439497916,-1.73941682538907,0.00201633386574277,0.0426146919009473,0.0361316741583945,1086,"tags=27%, list=10%, signal=24%","LOC116955926/LOC116957700/LOC116958741/LOC116942318/LOC116956427/LOC116937987/LOC116953868/B3GNT5/LOC116938864/LOC116953203/LOC116957233/LOC116955061/LOC116957224/LOC116946850/LOC116948498/LOC116956760/LOC116958759/LOC116955425"
"GO:0020037","MF","GO:0020037","heme binding",70,-0.472000607009006,-1.72510775667647,0.0020263470212266,0.0426146919009473,0.0361316741583945,1002,"tags=24%, list=9%, signal=22%","LOC116951579/LOC116945762/LOC116946582/LOC116954063/LOC116951647/LOC116947385/SUOX/LOC116951902/LOC116951565/LOC116951653/LOC116951663/LOC116951444/LOC116951657/LOC103091815/LOC116951551/LOC116951566/LOC116945069"
"GO:0046906","MF","GO:0046906","tetrapyrrole binding",71,-0.471297584201159,-1.72316832664816,0.00192366150640871,0.0426146919009473,0.0361316741583945,1002,"tags=24%, list=9%, signal=22%","LOC116951579/LOC116945762/LOC116946582/LOC116954063/LOC116951647/LOC116947385/SUOX/LOC116951902/LOC116951565/LOC116951653/LOC116951663/LOC116951444/LOC116951657/LOC103091815/LOC116951551/LOC116951566/LOC116945069"
"GO:0004674","MF","GO:0004674","protein serine/threonine kinase activity",224,-0.356385232809225,-1.51552881582884,0.00210402989202158,0.0429469630900875,0.0364133965832837,2227,"tags=29%, list=20%, signal=24%","LOC116945942/LOC116937541/LOC116949302/LOC116944480/STK16/ACVR2A/LOC116938784/NRBP1/LOC116958604/LOC116948332/LOC116942121/LOC116940203/LOC116936878/LOC116951916/LOC116944619/MELK/LOC116950096/LOC116953865/ABR/LOC116938983/LOC116958569/LOC116941687/HASPIN/LOC116952377/LOC116951511/CDK10/LOC116945997/LOC116956558/LOC116945943/LOC116942411/LOC116945445/LOC116938820/LOC116956818/LOC116943327/LOC116948149/LOC116947747/LOC116938077/RIPK1/LOC116945630/LOC116937878/CDK7/LOC116951930/LOC116944212/LOC116947402/LOC116956483/LOC116952624/LOC116957361/LOC116947530/LOC116957363/LOC116952728/LOC116957791/LOC116945169/LOC116958610/LOC116951165/RPS6KA5/LOC116958563/DAPK3/LOC116951605/LOC116956326/LOC116951139/CDK5/LOC116952252/LOC116938837/LOC116952362/LOC116949410"
"GO:0009205","BP","GO:0009205","purine ribonucleoside triphosphate metabolic process",52,0.492180181432811,1.78152756171932,0.00230958719250286,0.0445237086554717,0.0377502701932484,1992,"tags=42%, list=18%, signal=35%","LOC116950104/LOC116940685/LOC116939020/NME5/LOC116944829/ANTKMT/LOC116937901/LOC116957842/ATP5F1D/LOC116946993/LOC116943935/LOC116938091/TIGAR/LOC116938513/ATP5F1C/LOC116941058/LOC116939084/LOC116942061/TPI1/LOC116954878/ATP5F1B/LOC116954642"
"GO:0007399","BP","GO:0007399","nervous system development",273,-0.344357935680801,-1.49320772628329,0.0022661709586427,0.0445237086554717,0.0377502701932484,1913,"tags=35%, list=17%, signal=30%","LOC116954528/LOC116955610/LOC116951144/NCDN/BTBD2/LOC116950497/LOC116947300/LOC116946917/RPGRIP1L/LOC116940650/SDCCAG8/DISC1/LOC116950725/BEND6/SLC25A46/TRIO/LOC116940819/LOC116953705/LOC116939432/LOC116950464/LOC116956334/LOC116939491/LOC116947437/LOC116940669/LOC116954723/LOC116939328/LOC116949553/LOC116949750/LOC116945595/LOC116939414/LOC116952561/HSPG2/LOC116943722/LOC116958309/LOC116952604/LOC116940477/LOC116941780/PLXNA1/LOC116939774/LOC116949369/LOC116955926/MST1R/LOC116957700/LOC116946537/LOC116953184/LOC116938831/ANKRD27/ZFYVE27/LOC116942375/PCLO/CAMSAP1/LOC116943314/LOC116950470/LOC116954916/LOC116958741/LOC116956818/PRDM12/LOC116941103/LOC116942318/LOC116956427/LOC116937987/LOC116944888/LOC116947535/LOC116956244/LOC116947617/NRCAM/LOC116953868/LOC116941376/B3GNT5/LOC116944887/LOC116951889/LOC116938864/LOC116953203/LOC116948594/LOC116944158/LOC116957233/LOC116954807/LOC116955061/LOC116950762/LOC116955749/LOC116955768/LOC116953636/LOC116954567/LOC116947489/LOC116953664/LOC116957224/CRTAC1/LOC116954900/RP1L1/CDK5/LOC116946850/LOC116957825/LOC116948498/LOC116956760/LOC116958759/LOC116955425"
"GO:0042254","BP","GO:0042254","ribosome biogenesis",168,0.341974370014354,1.51089713025584,0.00237959862503105,0.0446335525884202,0.0378434034535521,3640,"tags=51%, list=33%, signal=35%","ERI3/MRPL36/MTERF3/RPS8/IMP3/NOC4L/RRP36/RPL23A/RPSA/LOC116951528/RPL35/DKC1/NAF1/NSUN5/BOP1/LOC116947213/DROSHA/UTP18/EXOSC10/LSM6/RPLP0/NOL9/WDR46/LOC116948772/RRP15/EXOSC3/TSR3/WDR12/NOP53/LOC116941435/NOL11/NSA2/FTSJ3/EXOSC2/LOC116958118/RIOK1/LOC116946109/ZNF622/RPL5/UTP11/RPS19/WDR18/KRI1/NOP14/POP4/RPS7/NIFK/EXOSC8/IMP4/NGDN/NOP9/LOC116939016/DDX10/TRMT112/DDX52/EBNA1BP2/GTPBP4/LOC116950646/NHP2/RAN/RPL35A/MRPS11/BRIX1/PIH1D1/ABCE1/UTP4/RPL14/XPO1/RPL7/ABT1/RIOK2/RRS1/RIOK3/MRM1/RPS15/RBFA/NOL6/RPP40/RPS16/TRAF7/LOC103091720/NOL10/URB2/RPS5/TFB1M/LOC116939027"
"GO:0005615","CC","GO:0005615","extracellular space",230,-0.352713256390258,-1.50210799997809,0.00251152987580039,0.0458684666790914,0.0388904487693191,1305,"tags=23%, list=12%, signal=21%","LOC116942419/LOC116942375/LOC116951378/LOC116940506/LOC116947004/LOC116938908/LOC116945482/LOC116954916/CTSO/LOC116943709/LOC116946024/LOC116938911/LOC116937982/LOC116952342/LOC116947617/LOC116938756/LOC116940102/LOC116955551/LOC116952820/LOC116948173/LOC116939107/LOC116944591/CTSF/LOC116946636/LOC116939926/LOC103091741/LOC116953385/LOC116937723/GLIPR2/LOC116953636/LOC116946910/LOC116943205/LOC116956435/FGF10/LOC116940283/LOC116945483/LOC116954900/LOC116941770/LOC116955503/LOC116938910/LOC116947621/LOC116938915/LOC116939927/LOC116942551/VASN/LOC116946810/LOC116955553/ADA2/LOC116951084/LOC116941532/LOC116938913/LOC116940101/LOC116938463/LOC116954510"
"GO:0030312","CC","GO:0030312","external encapsulating structure",79,-0.45373991729719,-1.6937424218184,0.00272608223288847,0.047297526740615,0.040102104425912,2403,"tags=44%, list=22%, signal=35%","LOC116954488/LOC116947500/LOC116939773/LOC116940718/LOC116954486/LOC116939279/LOC116951971/LOC116939925/LOC116951107/LOC116954615/LOC116944188/LOC116942419/LOC116951378/CCN2/LOC116938908/LOC116953109/LOC116940692/ADAMTSL5/LOC116943709/LOC116938911/LOC116940102/LOC116955551/LOC116952487/COL4A6/LOC116946636/LOC116939926/LOC116940051/LOC116943205/LOC116956435/LOC116938910/LOC116938915/LOC116939927/LOC116952474/LOC116938913/LOC116940101"
"GO:0031012","CC","GO:0031012","extracellular matrix",79,-0.45373991729719,-1.6937424218184,0.00272608223288847,0.047297526740615,0.040102104425912,2403,"tags=44%, list=22%, signal=35%","LOC116954488/LOC116947500/LOC116939773/LOC116940718/LOC116954486/LOC116939279/LOC116951971/LOC116939925/LOC116951107/LOC116954615/LOC116944188/LOC116942419/LOC116951378/CCN2/LOC116938908/LOC116953109/LOC116940692/ADAMTSL5/LOC116943709/LOC116938911/LOC116940102/LOC116955551/LOC116952487/COL4A6/LOC116946636/LOC116939926/LOC116940051/LOC116943205/LOC116956435/LOC116938910/LOC116938915/LOC116939927/LOC116952474/LOC116938913/LOC116940101"
